Workbook

Sheet Player data - best team < 2mil
A1: Name | B1: Team | C1: Games | D1: Hits | E1: Batting Average | F1: Home Runs | G1: Salary (USD) | H1: salary rank | I1: Position | J1: Outfield | K1: Catcher | L1: First Base | M1: Second Base | N1: Third Base | O1: Shortstop | P1: Designated Hitter | Q1: Middle Infielder | R1: Corner Infielder | S1: WAR | T1: Canadian | U1: 1st round | V1: Selection
A2: Aaron Judge | B2: NYY | C2: 152 | D2: 137 | E2: 0.331 | F2: 53 | G2: 40000000 | H2: =_xlfn.RANK.EQ(G2,$G$2:$G$141,0) -> 2 | I2: Outfield | J2: =IF($I2=J$1,1,0) -> 1 | K2: =IF($I2=K$1,1,0) -> 0 | L2: =IF($I2=L$1,1,0) -> 0 | M2: =IF($I2=M$1,1,0) -> 0 | N2: =IF($I2=N$1,1,0) -> 0 | O2: =IF($I2=O$1,1,0) -> 0 | P2: =IF($I2=P$1,1,0) -> 0 | Q2: =IF(OR(I2=O$1,I2=M$1),1,0) -> 0 | R2: =IF(OR(I2=N$1,I2=L$1),1,0) -> 0 | S2: 9.2 | T2: 0 | U2: 1 | V2: 0 | AA2: Outfield | AB2: Catcher | AC2: First Base | AD2: Second Base | AE2: Third Base | AF2: Shortstop | AG2: Designated Hitter | AH2: Middle Infielder | AI2: Corner Infielder
A3: Adley Rutschman | B3: BAL | C3: 148 | D3: 135 | E3: 0.27 | F3: 22 | G3: 760000 | H3: =_xlfn.RANK.EQ(G3,$G$2:$G$141,0) -> 98 | I3: Catcher | J3: =IF($I3=J$1,1,0) -> 0 | K3: =IF($I3=K$1,1,0) -> 1 | L3: =IF($I3=L$1,1,0) -> 0 | M3: =IF($I3=M$1,1,0) -> 0 | N3: =IF($I3=N$1,1,0) -> 0 | O3: =IF($I3=O$1,1,0) -> 0 | P3: =IF($I3=P$1,1,0) -> 0 | Q3: =IF(OR(I3=O$1,I3=M$1),1,0) -> 0 | R3: =IF(OR(I3=N$1,I3=L$1),1,0) -> 0 | S3: 6 | T3: 0 | U3: 1 | V3: 1 | X3: # of players: | Y3: =SUM(V2:V141) -> 15 | AA3: =SUMPRODUCT($V$2:$V$141,J2:J141) -> 4 | AB3: =SUMPRODUCT($V$2:$V$141,K2:K141) -> 3 | AC3: =SUMPRODUCT($V$2:$V$141,L2:L141) -> 2 | AD3: =SUMPRODUCT($V$2:$V$141,M2:M141) -> 1 | AE3: =SUMPRODUCT($V$2:$V$141,N2:N141) -> 1 | AF3: =SUMPRODUCT($V$2:$V$141,O2:O141) -> 4 | AG3: =SUMPRODUCT($V$2:$V$141,P2:P141) -> 0 | AH3: =SUMPRODUCT($V$2:$V$141,Q2:Q141) -> 5 | AI3: =SUMPRODUCT($V$2:$V$141,R2:R141) -> 3
A4: Adolis García | B4: TEX | C4: 152 | D4: 150 | E4: 0.273 | F4: 36 | G4: 6000000 | H4: =_xlfn.RANK.EQ(G4,$G$2:$G$141,0) -> 79 | I4: Outfield | J4: =IF($I4=J$1,1,0) -> 1 | K4: =IF($I4=K$1,1,0) -> 0 | L4: =IF($I4=L$1,1,0) -> 0 | M4: =IF($I4=M$1,1,0) -> 0 | N4: =IF($I4=N$1,1,0) -> 0 | O4: =IF($I4=O$1,1,0) -> 0 | P4: =IF($I4=P$1,1,0) -> 0 | Q4: =IF(OR(I4=O$1,I4=M$1),1,0) -> 0 | R4: =IF(OR(I4=N$1,I4=L$1),1,0) -> 0 | S4: 4.7 | T4: 0 | U4: 0 | V4: 0 | X4: # of canadians: | Y4: =SUMPRODUCT(V2:V141,T2:T141) -> 1
A5: Alejandro Kirk | B5: TOR | C5: 132 | D5: 127 | E5: 0.282 | F5: 15 | G5: 760000 | H5: =_xlfn.RANK.EQ(G5,$G$2:$G$141,0) -> 98 | I5: Catcher | J5: =IF($I5=J$1,1,0) -> 0 | K5: =IF($I5=K$1,1,0) -> 1 | L5: =IF($I5=L$1,1,0) -> 0 | M5: =IF($I5=M$1,1,0) -> 0 | N5: =IF($I5=N$1,1,0) -> 0 | O5: =IF($I5=O$1,1,0) -> 0 | P5: =IF($I5=P$1,1,0) -> 0 | Q5: =IF(OR(I5=O$1,I5=M$1),1,0) -> 0 | R5: =IF(OR(I5=N$1,I5=L$1),1,0) -> 0 | S5: 2.4 | T5: 0 | U5: 0 | V5: 0
A6: Alex Kirilloff | B6: MIN | C6: 135 | D6: 128 | E6: 0.259 | F6: 16 | G6: 760000 | H6: =_xlfn.RANK.EQ(G6,$G$2:$G$141,0) -> 98 | I6: Outfield | J6: =IF($I6=J$1,1,0) -> 1 | K6: =IF($I6=K$1,1,0) -> 0 | L6: =IF($I6=L$1,1,0) -> 0 | M6: =IF($I6=M$1,1,0) -> 0 | N6: =IF($I6=N$1,1,0) -> 0 | O6: =IF($I6=O$1,1,0) -> 0 | P6: =IF($I6=P$1,1,0) -> 0 | Q6: =IF(OR(I6=O$1,I6=M$1),1,0) -> 0 | R6: =IF(OR(I6=N$1,I6=L$1),1,0) -> 0 | S6: 1.9 | T6: 0 | U6: 0 | V6: 0
A7: Alex Verdugo | B7: NYY | C7: 145 | D7: 148 | E7: 0.273 | F7: 17 | G7: 9000000 | H7: =_xlfn.RANK.EQ(G7,$G$2:$G$141,0) -> 67 | I7: Outfield | J7: =IF($I7=J$1,1,0) -> 1 | K7: =IF($I7=K$1,1,0) -> 0 | L7: =IF($I7=L$1,1,0) -> 0 | M7: =IF($I7=M$1,1,0) -> 0 | N7: =IF($I7=N$1,1,0) -> 0 | O7: =IF($I7=O$1,1,0) -> 0 | P7: =IF($I7=P$1,1,0) -> 0 | Q7: =IF(OR(I7=O$1,I7=M$1),1,0) -> 0 | R7: =IF(OR(I7=N$1,I7=L$1),1,0) -> 0 | S7: 2.6 | T7: 0 | U7: 0 | V7: 0 | X7: Total salary: | Y7: =SUMPRODUCT(V2:V141,G2:G141) -> 11400000
A8: Andrés Giménez | B8: CLE | C8: 150 | D8: 158 | E8: 0.268 | F8: 15 | G8: 11500000 | H8: =_xlfn.RANK.EQ(G8,$G$2:$G$141,0) -> 56 | I8: Second Base | J8: =IF($I8=J$1,1,0) -> 0 | K8: =IF($I8=K$1,1,0) -> 0 | L8: =IF($I8=L$1,1,0) -> 0 | M8: =IF($I8=M$1,1,0) -> 1 | N8: =IF($I8=N$1,1,0) -> 0 | O8: =IF($I8=O$1,1,0) -> 0 | P8: =IF($I8=P$1,1,0) -> 0 | Q8: =IF(OR(I8=O$1,I8=M$1),1,0) -> 1 | R8: =IF(OR(I8=N$1,I8=L$1),1,0) -> 0 | S8: 3.9 | T8: 0 | U8: 0 | V8: 0 | X8: Total WAR: | Y8: =SUMPRODUCT(V2:V141,S2:S141) -> 54.4
A9: Andrew Benintendi | B9: CHW | C9: 142 | D9: 144 | E9: 0.27 | F9: 14 | G9: 16000000 | H9: =_xlfn.RANK.EQ(G9,$G$2:$G$141,0) -> 39 | I9: Outfield | J9: =IF($I9=J$1,1,0) -> 1 | K9: =IF($I9=K$1,1,0) -> 0 | L9: =IF($I9=L$1,1,0) -> 0 | M9: =IF($I9=M$1,1,0) -> 0 | N9: =IF($I9=N$1,1,0) -> 0 | O9: =IF($I9=O$1,1,0) -> 0 | P9: =IF($I9=P$1,1,0) -> 0 | Q9: =IF(OR(I9=O$1,I9=M$1),1,0) -> 0 | R9: =IF(OR(I9=N$1,I9=L$1),1,0) -> 0 | S9: 2.2 | T9: 0 | U9: 0 | V9: 0
A10: Andrew Vaughn | B10: CWS | C10: 148 | D10: 140 | E10: 0.258 | F10: 24 | G10: 760000 | H10: =_xlfn.RANK.EQ(G10,$G$2:$G$141,0) -> 98 | I10: First Base | J10: =IF($I10=J$1,1,0) -> 0 | K10: =IF($I10=K$1,1,0) -> 0 | L10: =IF($I10=L$1,1,0) -> 1 | M10: =IF($I10=M$1,1,0) -> 0 | N10: =IF($I10=N$1,1,0) -> 0 | O10: =IF($I10=O$1,1,0) -> 0 | P10: =IF($I10=P$1,1,0) -> 0 | Q10: =IF(OR(I10=O$1,I10=M$1),1,0) -> 0 | R10: =IF(OR(I10=N$1,I10=L$1),1,0) -> 1 | S10: 2.4 | T10: 0 | U10: 1 | V10: 0
A11: Anthony Rizzo | B11: NYY | C11: 128 | D11: 118 | E11: 0.251 | F11: 21 | G11: 20000000 | H11: =_xlfn.RANK.EQ(G11,$G$2:$G$141,0) -> 26 | I11: First Base | J11: =IF($I11=J$1,1,0) -> 0 | K11: =IF($I11=K$1,1,0) -> 0 | L11: =IF($I11=L$1,1,0) -> 1 | M11: =IF($I11=M$1,1,0) -> 0 | N11: =IF($I11=N$1,1,0) -> 0 | O11: =IF($I11=O$1,1,0) -> 0 | P11: =IF($I11=P$1,1,0) -> 0 | Q11: =IF(OR(I11=O$1,I11=M$1),1,0) -> 0 | R11: =IF(OR(I11=N$1,I11=L$1),1,0) -> 1 | S11: 1.5 | T11: 0 | U11: 0 | V11: 0 | X11: BA of 0.3 or above: | Y11: =COUNTIFS(V2:V141,1,E2:E141,">=0.3") -> 2
A12: Anthony Santander | B12: BAL | C12: 150 | D12: 160 | E12: 0.272 | F12: 31 | G12: 4800000 | H12: =_xlfn.RANK.EQ(G12,$G$2:$G$141,0) -> 87 | I12: Designated Hitter | J12: =IF($I12=J$1,1,0) -> 0 | K12: =IF($I12=K$1,1,0) -> 0 | L12: =IF($I12=L$1,1,0) -> 0 | M12: =IF($I12=M$1,1,0) -> 0 | N12: =IF($I12=N$1,1,0) -> 0 | O12: =IF($I12=O$1,1,0) -> 0 | P12: =IF($I12=P$1,1,0) -> 1 | Q12: =IF(OR(I12=O$1,I12=M$1),1,0) -> 0 | R12: =IF(OR(I12=N$1,I12=L$1),1,0) -> 0 | S12: 3.4 | T12: 0 | U12: 0 | V12: 0
A13: Anthony Volpe | B13: NYY | C13: 155 | D13: 153 | E13: 0.262 | F13: 18 | G13: 760000 | H13: =_xlfn.RANK.EQ(G13,$G$2:$G$141,0) -> 98 | I13: Shortstop | J13: =IF($I13=J$1,1,0) -> 0 | K13: =IF($I13=K$1,1,0) -> 0 | L13: =IF($I13=L$1,1,0) -> 0 | M13: =IF($I13=M$1,1,0) -> 0 | N13: =IF($I13=N$1,1,0) -> 0 | O13: =IF($I13=O$1,1,0) -> 1 | P13: =IF($I13=P$1,1,0) -> 0 | Q13: =IF(OR(I13=O$1,I13=M$1),1,0) -> 1 | R13: =IF(OR(I13=N$1,I13=L$1),1,0) -> 0 | S13: 3.7 | T13: 0 | U13: 1 | V13: 1
A14: Bo Naylor | B14: CLE | C14: 136 | D14: 98 | E14: 0.195 | F14: 14 | G14: 760000 | H14: =_xlfn.RANK.EQ(G14,$G$2:$G$141,0) -> 98 | I14: Catcher | J14: =IF($I14=J$1,1,0) -> 0 | K14: =IF($I14=K$1,1,0) -> 1 | L14: =IF($I14=L$1,1,0) -> 0 | M14: =IF($I14=M$1,1,0) -> 0 | N14: =IF($I14=N$1,1,0) -> 0 | O14: =IF($I14=O$1,1,0) -> 0 | P14: =IF($I14=P$1,1,0) -> 0 | Q14: =IF(OR(I14=O$1,I14=M$1),1,0) -> 0 | R14: =IF(OR(I14=N$1,I14=L$1),1,0) -> 0 | S14: 1.5 | T14: 1 | U14: 0 | V14: 0 | X14: count of 15 highest paid players: | Y14: =COUNTIFS(H2:H141,"<=15",V2:V141,"=1") -> 0
A15: Bobby Witt Jr. | B15: KCR | C15: 159 | D15: 186 | E15: 0.308 | F15: 31 | G15: 760000 | H15: =_xlfn.RANK.EQ(G15,$G$2:$G$141,0) -> 98 | I15: Shortstop | J15: =IF($I15=J$1,1,0) -> 0 | K15: =IF($I15=K$1,1,0) -> 0 | L15: =IF($I15=L$1,1,0) -> 0 | M15: =IF($I15=M$1,1,0) -> 0 | N15: =IF($I15=N$1,1,0) -> 0 | O15: =IF($I15=O$1,1,0) -> 1 | P15: =IF($I15=P$1,1,0) -> 0 | Q15: =IF(OR(I15=O$1,I15=M$1),1,0) -> 1 | R15: =IF(OR(I15=N$1,I15=L$1),1,0) -> 0 | S15: 7 | T15: 0 | U15: 1 | V15: 1
A16: Brandon Lowe | B16: TBR | C16: 128 | D16: 112 | E16: 0.249 | F16: 24 | G16: 8700000 | H16: =_xlfn.RANK.EQ(G16,$G$2:$G$141,0) -> 70 | I16: Second Base | J16: =IF($I16=J$1,1,0) -> 0 | K16: =IF($I16=K$1,1,0) -> 0 | L16: =IF($I16=L$1,1,0) -> 0 | M16: =IF($I16=M$1,1,0) -> 1 | N16: =IF($I16=N$1,1,0) -> 0 | O16: =IF($I16=O$1,1,0) -> 0 | P16: =IF($I16=P$1,1,0) -> 0 | Q16: =IF(OR(I16=O$1,I16=M$1),1,0) -> 1 | R16: =IF(OR(I16=N$1,I16=L$1),1,0) -> 0 | S16: 2.5 | T16: 0 | U16: 0 | V16: 0 | X16: count of players making over 2mil | Y16: =COUNTIFS(V2:V141,1,G2:G141,">=2000000") -> 0
A17: Brendan Donovan | B17: STL | C17: 140 | D17: 137 | E17: 0.262 | F17: 12 | G17: 760000 | H17: =_xlfn.RANK.EQ(G17,$G$2:$G$141,0) -> 98 | I17: Second Base | J17: =IF($I17=J$1,1,0) -> 0 | K17: =IF($I17=K$1,1,0) -> 0 | L17: =IF($I17=L$1,1,0) -> 0 | M17: =IF($I17=M$1,1,0) -> 1 | N17: =IF($I17=N$1,1,0) -> 0 | O17: =IF($I17=O$1,1,0) -> 0 | P17: =IF($I17=P$1,1,0) -> 0 | Q17: =IF(OR(I17=O$1,I17=M$1),1,0) -> 1 | R17: =IF(OR(I17=N$1,I17=L$1),1,0) -> 0 | S17: 2.3 | T17: 0 | U17: 0 | V17: 1
A18: Brent Rooker | B18: OAK | C18: 144 | D18: 140 | E18: 0.263 | F18: 29 | G18: 760000 | H18: =_xlfn.RANK.EQ(G18,$G$2:$G$141,0) -> 98 | I18: Designated Hitter | J18: =IF($I18=J$1,1,0) -> 0 | K18: =IF($I18=K$1,1,0) -> 0 | L18: =IF($I18=L$1,1,0) -> 0 | M18: =IF($I18=M$1,1,0) -> 0 | N18: =IF($I18=N$1,1,0) -> 0 | O18: =IF($I18=O$1,1,0) -> 0 | P18: =IF($I18=P$1,1,0) -> 1 | Q18: =IF(OR(I18=O$1,I18=M$1),1,0) -> 0 | R18: =IF(OR(I18=N$1,I18=L$1),1,0) -> 0 | S18: 2.1 | T18: 0 | U18: 0 | V18: 0
A19: Brenton Doyle | B19: COL | C19: 145 | D19: 141 | E19: 0.259 | F19: 18 | G19: 760000 | H19: =_xlfn.RANK.EQ(G19,$G$2:$G$141,0) -> 98 | I19: Outfield | J19: =IF($I19=J$1,1,0) -> 1 | K19: =IF($I19=K$1,1,0) -> 0 | L19: =IF($I19=L$1,1,0) -> 0 | M19: =IF($I19=M$1,1,0) -> 0 | N19: =IF($I19=N$1,1,0) -> 0 | O19: =IF($I19=O$1,1,0) -> 0 | P19: =IF($I19=P$1,1,0) -> 0 | Q19: =IF(OR(I19=O$1,I19=M$1),1,0) -> 0 | R19: =IF(OR(I19=N$1,I19=L$1),1,0) -> 0 | S19: 2.4 | T19: 0 | U19: 0 | V19: 1
A20: Bryan Reynolds | B20: PIT | C20: 154 | D20: 165 | E20: 0.277 | F20: 25 | G20: 13000000 | H20: =_xlfn.RANK.EQ(G20,$G$2:$G$141,0) -> 45 | I20: Outfield | J20: =IF($I20=J$1,1,0) -> 1 | K20: =IF($I20=K$1,1,0) -> 0 | L20: =IF($I20=L$1,1,0) -> 0 | M20: =IF($I20=M$1,1,0) -> 0 | N20: =IF($I20=N$1,1,0) -> 0 | O20: =IF($I20=O$1,1,0) -> 0 | P20: =IF($I20=P$1,1,0) -> 0 | Q20: =IF(OR(I20=O$1,I20=M$1),1,0) -> 0 | R20: =IF(OR(I20=N$1,I20=L$1),1,0) -> 0 | S20: 4 | T20: 0 | U20: 0 | V20: 0
A21: Bryce Harper | B21: PHI | C21: 155 | D21: 170 | E21: 0.29 | F21: 34 | G21: 27000000 | H21: =_xlfn.RANK.EQ(G21,$G$2:$G$141,0) -> 13 | I21: First Base | J21: =IF($I21=J$1,1,0) -> 0 | K21: =IF($I21=K$1,1,0) -> 0 | L21: =IF($I21=L$1,1,0) -> 1 | M21: =IF($I21=M$1,1,0) -> 0 | N21: =IF($I21=N$1,1,0) -> 0 | O21: =IF($I21=O$1,1,0) -> 0 | P21: =IF($I21=P$1,1,0) -> 0 | Q21: =IF(OR(I21=O$1,I21=M$1),1,0) -> 0 | R21: =IF(OR(I21=N$1,I21=L$1),1,0) -> 1 | S21: 6.2 | T21: 0 | U21: 1 | V21: 0
A22: Byron Buxton | B22: MIN | C22: 120 | D22: 118 | E22: 0.257 | F22: 22 | G22: 15000000 | H22: =_xlfn.RANK.EQ(G22,$G$2:$G$141,0) -> 41 | I22: Outfield | J22: =IF($I22=J$1,1,0) -> 1 | K22: =IF($I22=K$1,1,0) -> 0 | L22: =IF($I22=L$1,1,0) -> 0 | M22: =IF($I22=M$1,1,0) -> 0 | N22: =IF($I22=N$1,1,0) -> 0 | O22: =IF($I22=O$1,1,0) -> 0 | P22: =IF($I22=P$1,1,0) -> 0 | Q22: =IF(OR(I22=O$1,I22=M$1),1,0) -> 0 | R22: =IF(OR(I22=N$1,I22=L$1),1,0) -> 0 | S22: 2 | T22: 0 | U22: 1 | V22: 0
A23: Cal Raleigh | B23: SEA | C23: 150 | D23: 120 | E23: 0.247 | F23: 60 | G23: 17500000 | H23: =_xlfn.RANK.EQ(G23,$G$2:$G$141,0) -> 35 | I23: Catcher | J23: =IF($I23=J$1,1,0) -> 0 | K23: =IF($I23=K$1,1,0) -> 1 | L23: =IF($I23=L$1,1,0) -> 0 | M23: =IF($I23=M$1,1,0) -> 0 | N23: =IF($I23=N$1,1,0) -> 0 | O23: =IF($I23=O$1,1,0) -> 0 | P23: =IF($I23=P$1,1,0) -> 0 | Q23: =IF(OR(I23=O$1,I23=M$1),1,0) -> 0 | R23: =IF(OR(I23=N$1,I23=L$1),1,0) -> 0 | S23: 5.1 | T23: 0 | U23: 0 | V23: 0
A24: Carlos Correa | B24: MIN | C24: 150 | D24: 160 | E24: 0.268 | F24: 23 | G24: 33300000 | H24: =_xlfn.RANK.EQ(G24,$G$2:$G$141,0) -> 5 | I24: Shortstop | J24: =IF($I24=J$1,1,0) -> 0 | K24: =IF($I24=K$1,1,0) -> 0 | L24: =IF($I24=L$1,1,0) -> 0 | M24: =IF($I24=M$1,1,0) -> 0 | N24: =IF($I24=N$1,1,0) -> 0 | O24: =IF($I24=O$1,1,0) -> 1 | P24: =IF($I24=P$1,1,0) -> 0 | Q24: =IF(OR(I24=O$1,I24=M$1),1,0) -> 1 | R24: =IF(OR(I24=N$1,I24=L$1),1,0) -> 0 | S24: 4.2 | T24: 0 | U24: 1 | V24: 0
A25: Carlos Santana | B25: MIN | C25: 124 | D25: 110 | E25: 0.239 | F25: 19 | G25: 6000000 | H25: =_xlfn.RANK.EQ(G25,$G$2:$G$141,0) -> 79 | I25: First Base | J25: =IF($I25=J$1,1,0) -> 0 | K25: =IF($I25=K$1,1,0) -> 0 | L25: =IF($I25=L$1,1,0) -> 1 | M25: =IF($I25=M$1,1,0) -> 0 | N25: =IF($I25=N$1,1,0) -> 0 | O25: =IF($I25=O$1,1,0) -> 0 | P25: =IF($I25=P$1,1,0) -> 0 | Q25: =IF(OR(I25=O$1,I25=M$1),1,0) -> 0 | R25: =IF(OR(I25=N$1,I25=L$1),1,0) -> 1 | S25: 1.1 | T25: 0 | U25: 0 | V25: 0
A26: Cedric Mullins | B26: BAL | C26: 146 | D26: 145 | E26: 0.265 | F26: 18 | G26: 4500000 | H26: =_xlfn.RANK.EQ(G26,$G$2:$G$141,0) -> 91 | I26: Outfield | J26: =IF($I26=J$1,1,0) -> 1 | K26: =IF($I26=K$1,1,0) -> 0 | L26: =IF($I26=L$1,1,0) -> 0 | M26: =IF($I26=M$1,1,0) -> 0 | N26: =IF($I26=N$1,1,0) -> 0 | O26: =IF($I26=O$1,1,0) -> 0 | P26: =IF($I26=P$1,1,0) -> 0 | Q26: =IF(OR(I26=O$1,I26=M$1),1,0) -> 0 | R26: =IF(OR(I26=N$1,I26=L$1),1,0) -> 0 | S26: 3.1 | T26: 0 | U26: 0 | V26: 0
A27: Chas McCormick | B27: HOU | C27: 139 | D27: 132 | E27: 0.259 | F27: 17 | G27: 7500000 | H27: =_xlfn.RANK.EQ(G27,$G$2:$G$141,0) -> 76 | I27: Outfield | J27: =IF($I27=J$1,1,0) -> 1 | K27: =IF($I27=K$1,1,0) -> 0 | L27: =IF($I27=L$1,1,0) -> 0 | M27: =IF($I27=M$1,1,0) -> 0 | N27: =IF($I27=N$1,1,0) -> 0 | O27: =IF($I27=O$1,1,0) -> 0 | P27: =IF($I27=P$1,1,0) -> 0 | Q27: =IF(OR(I27=O$1,I27=M$1),1,0) -> 0 | R27: =IF(OR(I27=N$1,I27=L$1),1,0) -> 0 | S27: 2.3 | T27: 0 | U27: 0 | V27: 0
A28: Christian Vázquez | B28: MIN | C28: 101 | D28: 82 | E28: 0.226 | F28: 6 | G28: 10000000 | H28: =_xlfn.RANK.EQ(G28,$G$2:$G$141,0) -> 64 | I28: Catcher | J28: =IF($I28=J$1,1,0) -> 0 | K28: =IF($I28=K$1,1,0) -> 1 | L28: =IF($I28=L$1,1,0) -> 0 | M28: =IF($I28=M$1,1,0) -> 0 | N28: =IF($I28=N$1,1,0) -> 0 | O28: =IF($I28=O$1,1,0) -> 0 | P28: =IF($I28=P$1,1,0) -> 0 | Q28: =IF(OR(I28=O$1,I28=M$1),1,0) -> 0 | R28: =IF(OR(I28=N$1,I28=L$1),1,0) -> 0 | S28: 1 | T28: 0 | U28: 0 | V28: 0
... A141: Yordan Alvarez | B141: HOU | C141: 148 | D141: 165 | E141: 0.289 | F141: 39 | G141: 19500000 | H141: =_xlfn.RANK.EQ(G141,$G$2:$G$141,0) -> 31 | I141: Outfield | J141: =IF($I141=J$1,1,0) -> 1 | K141: =IF($I141=K$1,1,0) -> 0 | L141: =IF($I141=L$1,1,0) -> 0 | M141: =IF($I141=M$1,1,0) -> 0 | N141: =IF($I141=N$1,1,0) -> 0 | O141: =IF($I141=O$1,1,0) -> 0 | P141: =IF($I141=P$1,1,0) -> 0 | Q141: =IF(OR(I141=O$1,I141=M$1),1,0) -> 0 | R141: =IF(OR(I141=N$1,I141=L$1),1,0) -> 0 | S141: 5.1 | T141: 0 | U141: 0 | V141: 0

Sheet Player data_latest Sim plex
A1: Name | B1: Team | C1: Games | D1: Hits | E1: Batting Average | F1: Home Runs | G1: Salary (USD) | H1: salary rank | I1: Position | J1: Outfield | K1: Catcher | L1: First Base | M1: Second Base | N1: Third Base | O1: Shortstop | P1: Designated Hitter | Q1: Middle Infielder | R1: Corner Infielder | S1: WAR | T1: Canadian | U1: 1st round | V1: Selection
A2: Aaron Judge | B2: NYY | C2: 152 | D2: 137 | E2: 0.331 | F2: 53 | G2: 40000000 | H2: =_xlfn.RANK.EQ(G2,$G$2:$G$141,0) -> 2 | I2: Outfield | J2: =IF($I2=J$1,1,0) -> 1 | K2: =IF($I2=K$1,1,0) -> 0 | L2: =IF($I2=L$1,1,0) -> 0 | M2: =IF($I2=M$1,1,0) -> 0 | N2: =IF($I2=N$1,1,0) -> 0 | O2: =IF($I2=O$1,1,0) -> 0 | P2: =IF($I2=P$1,1,0) -> 0 | Q2: =IF(OR(I2=O$1,I2=M$1),1,0) -> 0 | R2: =IF(OR(I2=N$1,I2=L$1),1,0) -> 0 | S2: 9.2 | T2: 0 | U2: 1 | V2: 1 | AA2: Outfield | AB2: Catcher | AC2: First Base | AD2: Second Base | AE2: Third Base | AF2: Shortstop | AG2: Designated Hitter | AH2: Middle Infielder | AI2: Corner Infielder
A3: Adley Rutschman | B3: BAL | C3: 148 | D3: 135 | E3: 0.27 | F3: 22 | G3: 760000 | H3: =_xlfn.RANK.EQ(G3,$G$2:$G$141,0) -> 98 | I3: Catcher | J3: =IF($I3=J$1,1,0) -> 0 | K3: =IF($I3=K$1,1,0) -> 1 | L3: =IF($I3=L$1,1,0) -> 0 | M3: =IF($I3=M$1,1,0) -> 0 | N3: =IF($I3=N$1,1,0) -> 0 | O3: =IF($I3=O$1,1,0) -> 0 | P3: =IF($I3=P$1,1,0) -> 0 | Q3: =IF(OR(I3=O$1,I3=M$1),1,0) -> 0 | R3: =IF(OR(I3=N$1,I3=L$1),1,0) -> 0 | S3: 6 | T3: 0 | U3: 1 | V3: 1 | X3: # of players: | Y3: =SUM(V2:V141) -> 15 | AA3: =SUMPRODUCT($V$2:$V$141,J2:J141) -> 7 | AB3: =SUMPRODUCT($V$2:$V$141,K2:K141) -> 2 | AC3: =SUMPRODUCT($V$2:$V$141,L2:L141) -> 2 | AD3: =SUMPRODUCT($V$2:$V$141,M2:M141) -> 1 | AE3: =SUMPRODUCT($V$2:$V$141,N2:N141) -> 1 | AF3: =SUMPRODUCT($V$2:$V$141,O2:O141) -> 2 | AG3: =SUMPRODUCT($V$2:$V$141,P2:P141) -> 0 | AH3: =SUMPRODUCT($V$2:$V$141,Q2:Q141) -> 3 | AI3: =SUMPRODUCT($V$2:$V$141,R2:R141) -> 3
A4: Adolis García | B4: TEX | C4: 152 | D4: 150 | E4: 0.273 | F4: 36 | G4: 6000000 | H4: =_xlfn.RANK.EQ(G4,$G$2:$G$141,0) -> 79 | I4: Outfield | J4: =IF($I4=J$1,1,0) -> 1 | K4: =IF($I4=K$1,1,0) -> 0 | L4: =IF($I4=L$1,1,0) -> 0 | M4: =IF($I4=M$1,1,0) -> 0 | N4: =IF($I4=N$1,1,0) -> 0 | O4: =IF($I4=O$1,1,0) -> 0 | P4: =IF($I4=P$1,1,0) -> 0 | Q4: =IF(OR(I4=O$1,I4=M$1),1,0) -> 0 | R4: =IF(OR(I4=N$1,I4=L$1),1,0) -> 0 | S4: 4.7 | T4: 0 | U4: 0 | V4: 0 | X4: # of canadians: | Y4: =SUMPRODUCT(V2:V141,T2:T141) -> 3
A5: Alejandro Kirk | B5: TOR | C5: 132 | D5: 127 | E5: 0.282 | F5: 15 | G5: 760000 | H5: =_xlfn.RANK.EQ(G5,$G$2:$G$141,0) -> 98 | I5: Catcher | J5: =IF($I5=J$1,1,0) -> 0 | K5: =IF($I5=K$1,1,0) -> 1 | L5: =IF($I5=L$1,1,0) -> 0 | M5: =IF($I5=M$1,1,0) -> 0 | N5: =IF($I5=N$1,1,0) -> 0 | O5: =IF($I5=O$1,1,0) -> 0 | P5: =IF($I5=P$1,1,0) -> 0 | Q5: =IF(OR(I5=O$1,I5=M$1),1,0) -> 0 | R5: =IF(OR(I5=N$1,I5=L$1),1,0) -> 0 | S5: 2.4 | T5: 0 | U5: 0 | V5: 0
A6: Alex Kirilloff | B6: MIN | C6: 135 | D6: 128 | E6: 0.259 | F6: 16 | G6: 760000 | H6: =_xlfn.RANK.EQ(G6,$G$2:$G$141,0) -> 98 | I6: Outfield | J6: =IF($I6=J$1,1,0) -> 1 | K6: =IF($I6=K$1,1,0) -> 0 | L6: =IF($I6=L$1,1,0) -> 0 | M6: =IF($I6=M$1,1,0) -> 0 | N6: =IF($I6=N$1,1,0) -> 0 | O6: =IF($I6=O$1,1,0) -> 0 | P6: =IF($I6=P$1,1,0) -> 0 | Q6: =IF(OR(I6=O$1,I6=M$1),1,0) -> 0 | R6: =IF(OR(I6=N$1,I6=L$1),1,0) -> 0 | S6: 1.9 | T6: 0 | U6: 0 | V6: 0
A7: Alex Verdugo | B7: NYY | C7: 145 | D7: 148 | E7: 0.273 | F7: 17 | G7: 9000000 | H7: =_xlfn.RANK.EQ(G7,$G$2:$G$141,0) -> 67 | I7: Outfield | J7: =IF($I7=J$1,1,0) -> 1 | K7: =IF($I7=K$1,1,0) -> 0 | L7: =IF($I7=L$1,1,0) -> 0 | M7: =IF($I7=M$1,1,0) -> 0 | N7: =IF($I7=N$1,1,0) -> 0 | O7: =IF($I7=O$1,1,0) -> 0 | P7: =IF($I7=P$1,1,0) -> 0 | Q7: =IF(OR(I7=O$1,I7=M$1),1,0) -> 0 | R7: =IF(OR(I7=N$1,I7=L$1),1,0) -> 0 | S7: 2.6 | T7: 0 | U7: 0 | V7: 0 | X7: Total salary: | Y7: =SUMPRODUCT(V2:V141,G2:G141) -> 213150000
A8: Andrés Giménez | B8: CLE | C8: 150 | D8: 158 | E8: 0.268 | F8: 15 | G8: 11500000 | H8: =_xlfn.RANK.EQ(G8,$G$2:$G$141,0) -> 56 | I8: Second Base | J8: =IF($I8=J$1,1,0) -> 0 | K8: =IF($I8=K$1,1,0) -> 0 | L8: =IF($I8=L$1,1,0) -> 0 | M8: =IF($I8=M$1,1,0) -> 1 | N8: =IF($I8=N$1,1,0) -> 0 | O8: =IF($I8=O$1,1,0) -> 0 | P8: =IF($I8=P$1,1,0) -> 0 | Q8: =IF(OR(I8=O$1,I8=M$1),1,0) -> 1 | R8: =IF(OR(I8=N$1,I8=L$1),1,0) -> 0 | S8: 3.9 | T8: 0 | U8: 0 | V8: 0 | X8: Total WAR: | Y8: =SUMPRODUCT(V2:V141,S2:S141) -> 89.8
A9: Andrew Benintendi | B9: CHW | C9: 142 | D9: 144 | E9: 0.27 | F9: 14 | G9: 16000000 | H9: =_xlfn.RANK.EQ(G9,$G$2:$G$141,0) -> 39 | I9: Outfield | J9: =IF($I9=J$1,1,0) -> 1 | K9: =IF($I9=K$1,1,0) -> 0 | L9: =IF($I9=L$1,1,0) -> 0 | M9: =IF($I9=M$1,1,0) -> 0 | N9: =IF($I9=N$1,1,0) -> 0 | O9: =IF($I9=O$1,1,0) -> 0 | P9: =IF($I9=P$1,1,0) -> 0 | Q9: =IF(OR(I9=O$1,I9=M$1),1,0) -> 0 | R9: =IF(OR(I9=N$1,I9=L$1),1,0) -> 0 | S9: 2.2 | T9: 0 | U9: 0 | V9: 0
A10: Andrew Vaughn | B10: CWS | C10: 148 | D10: 140 | E10: 0.258 | F10: 24 | G10: 760000 | H10: =_xlfn.RANK.EQ(G10,$G$2:$G$141,0) -> 98 | I10: First Base | J10: =IF($I10=J$1,1,0) -> 0 | K10: =IF($I10=K$1,1,0) -> 0 | L10: =IF($I10=L$1,1,0) -> 1 | M10: =IF($I10=M$1,1,0) -> 0 | N10: =IF($I10=N$1,1,0) -> 0 | O10: =IF($I10=O$1,1,0) -> 0 | P10: =IF($I10=P$1,1,0) -> 0 | Q10: =IF(OR(I10=O$1,I10=M$1),1,0) -> 0 | R10: =IF(OR(I10=N$1,I10=L$1),1,0) -> 1 | S10: 2.4 | T10: 0 | U10: 1 | V10: 0
A11: Anthony Rizzo | B11: NYY | C11: 128 | D11: 118 | E11: 0.251 | F11: 21 | G11: 20000000 | H11: =_xlfn.RANK.EQ(G11,$G$2:$G$141,0) -> 26 | I11: First Base | J11: =IF($I11=J$1,1,0) -> 0 | K11: =IF($I11=K$1,1,0) -> 0 | L11: =IF($I11=L$1,1,0) -> 1 | M11: =IF($I11=M$1,1,0) -> 0 | N11: =IF($I11=N$1,1,0) -> 0 | O11: =IF($I11=O$1,1,0) -> 0 | P11: =IF($I11=P$1,1,0) -> 0 | Q11: =IF(OR(I11=O$1,I11=M$1),1,0) -> 0 | R11: =IF(OR(I11=N$1,I11=L$1),1,0) -> 1 | S11: 1.5 | T11: 0 | U11: 0 | V11: 0 | X11: BA of 0.3 or above: | Y11: =COUNTIFS(V2:V141,1,E2:E141,">=0.3") -> 6
A12: Anthony Santander | B12: BAL | C12: 150 | D12: 160 | E12: 0.272 | F12: 31 | G12: 4800000 | H12: =_xlfn.RANK.EQ(G12,$G$2:$G$141,0) -> 87 | I12: Designated Hitter | J12: =IF($I12=J$1,1,0) -> 0 | K12: =IF($I12=K$1,1,0) -> 0 | L12: =IF($I12=L$1,1,0) -> 0 | M12: =IF($I12=M$1,1,0) -> 0 | N12: =IF($I12=N$1,1,0) -> 0 | O12: =IF($I12=O$1,1,0) -> 0 | P12: =IF($I12=P$1,1,0) -> 1 | Q12: =IF(OR(I12=O$1,I12=M$1),1,0) -> 0 | R12: =IF(OR(I12=N$1,I12=L$1),1,0) -> 0 | S12: 3.4 | T12: 0 | U12: 0 | V12: 0
A13: Anthony Volpe | B13: NYY | C13: 155 | D13: 153 | E13: 0.262 | F13: 18 | G13: 760000 | H13: =_xlfn.RANK.EQ(G13,$G$2:$G$141,0) -> 98 | I13: Shortstop | J13: =IF($I13=J$1,1,0) -> 0 | K13: =IF($I13=K$1,1,0) -> 0 | L13: =IF($I13=L$1,1,0) -> 0 | M13: =IF($I13=M$1,1,0) -> 0 | N13: =IF($I13=N$1,1,0) -> 0 | O13: =IF($I13=O$1,1,0) -> 1 | P13: =IF($I13=P$1,1,0) -> 0 | Q13: =IF(OR(I13=O$1,I13=M$1),1,0) -> 1 | R13: =IF(OR(I13=N$1,I13=L$1),1,0) -> 0 | S13: 3.7 | T13: 0 | U13: 1 | V13: 0
A14: Bo Naylor | B14: CLE | C14: 136 | D14: 98 | E14: 0.195 | F14: 14 | G14: 760000 | H14: =_xlfn.RANK.EQ(G14,$G$2:$G$141,0) -> 98 | I14: Catcher | J14: =IF($I14=J$1,1,0) -> 0 | K14: =IF($I14=K$1,1,0) -> 1 | L14: =IF($I14=L$1,1,0) -> 0 | M14: =IF($I14=M$1,1,0) -> 0 | N14: =IF($I14=N$1,1,0) -> 0 | O14: =IF($I14=O$1,1,0) -> 0 | P14: =IF($I14=P$1,1,0) -> 0 | Q14: =IF(OR(I14=O$1,I14=M$1),1,0) -> 0 | R14: =IF(OR(I14=N$1,I14=L$1),1,0) -> 0 | S14: 1.5 | T14: 1 | U14: 0 | V14: 0 | X14: count of 15 highest paid players: | Y14: =COUNTIFS(H2:H141,"<=15",V2:V141,"=1") -> 4
A15: Bobby Witt Jr. | B15: KCR | C15: 159 | D15: 186 | E15: 0.308 | F15: 31 | G15: 760000 | H15: =_xlfn.RANK.EQ(G15,$G$2:$G$141,0) -> 98 | I15: Shortstop | J15: =IF($I15=J$1,1,0) -> 0 | K15: =IF($I15=K$1,1,0) -> 0 | L15: =IF($I15=L$1,1,0) -> 0 | M15: =IF($I15=M$1,1,0) -> 0 | N15: =IF($I15=N$1,1,0) -> 0 | O15: =IF($I15=O$1,1,0) -> 1 | P15: =IF($I15=P$1,1,0) -> 0 | Q15: =IF(OR(I15=O$1,I15=M$1),1,0) -> 1 | R15: =IF(OR(I15=N$1,I15=L$1),1,0) -> 0 | S15: 7 | T15: 0 | U15: 1 | V15: 1
A16: Brandon Lowe | B16: TBR | C16: 128 | D16: 112 | E16: 0.249 | F16: 24 | G16: 8700000 | H16: =_xlfn.RANK.EQ(G16,$G$2:$G$141,0) -> 70 | I16: Second Base | J16: =IF($I16=J$1,1,0) -> 0 | K16: =IF($I16=K$1,1,0) -> 0 | L16: =IF($I16=L$1,1,0) -> 0 | M16: =IF($I16=M$1,1,0) -> 1 | N16: =IF($I16=N$1,1,0) -> 0 | O16: =IF($I16=O$1,1,0) -> 0 | P16: =IF($I16=P$1,1,0) -> 0 | Q16: =IF(OR(I16=O$1,I16=M$1),1,0) -> 1 | R16: =IF(OR(I16=N$1,I16=L$1),1,0) -> 0 | S16: 2.5 | T16: 0 | U16: 0 | V16: 0
A17: Brendan Donovan | B17: STL | C17: 140 | D17: 137 | E17: 0.262 | F17: 12 | G17: 760000 | H17: =_xlfn.RANK.EQ(G17,$G$2:$G$141,0) -> 98 | I17: Second Base | J17: =IF($I17=J$1,1,0) -> 0 | K17: =IF($I17=K$1,1,0) -> 0 | L17: =IF($I17=L$1,1,0) -> 0 | M17: =IF($I17=M$1,1,0) -> 1 | N17: =IF($I17=N$1,1,0) -> 0 | O17: =IF($I17=O$1,1,0) -> 0 | P17: =IF($I17=P$1,1,0) -> 0 | Q17: =IF(OR(I17=O$1,I17=M$1),1,0) -> 1 | R17: =IF(OR(I17=N$1,I17=L$1),1,0) -> 0 | S17: 2.3 | T17: 0 | U17: 0 | V17: 0
A18: Brent Rooker | B18: OAK | C18: 144 | D18: 140 | E18: 0.263 | F18: 29 | G18: 760000 | H18: =_xlfn.RANK.EQ(G18,$G$2:$G$141,0) -> 98 | I18: Designated Hitter | J18: =IF($I18=J$1,1,0) -> 0 | K18: =IF($I18=K$1,1,0) -> 0 | L18: =IF($I18=L$1,1,0) -> 0 | M18: =IF($I18=M$1,1,0) -> 0 | N18: =IF($I18=N$1,1,0) -> 0 | O18: =IF($I18=O$1,1,0) -> 0 | P18: =IF($I18=P$1,1,0) -> 1 | Q18: =IF(OR(I18=O$1,I18=M$1),1,0) -> 0 | R18: =IF(OR(I18=N$1,I18=L$1),1,0) -> 0 | S18: 2.1 | T18: 0 | U18: 0 | V18: 0
A19: Brenton Doyle | B19: COL | C19: 145 | D19: 141 | E19: 0.259 | F19: 18 | G19: 760000 | H19: =_xlfn.RANK.EQ(G19,$G$2:$G$141,0) -> 98 | I19: Outfield | J19: =IF($I19=J$1,1,0) -> 1 | K19: =IF($I19=K$1,1,0) -> 0 | L19: =IF($I19=L$1,1,0) -> 0 | M19: =IF($I19=M$1,1,0) -> 0 | N19: =IF($I19=N$1,1,0) -> 0 | O19: =IF($I19=O$1,1,0) -> 0 | P19: =IF($I19=P$1,1,0) -> 0 | Q19: =IF(OR(I19=O$1,I19=M$1),1,0) -> 0 | R19: =IF(OR(I19=N$1,I19=L$1),1,0) -> 0 | S19: 2.4 | T19: 0 | U19: 0 | V19: 0
A20: Bryan Reynolds | B20: PIT | C20: 154 | D20: 165 | E20: 0.277 | F20: 25 | G20: 13000000 | H20: =_xlfn.RANK.EQ(G20,$G$2:$G$141,0) -> 45 | I20: Outfield | J20: =IF($I20=J$1,1,0) -> 1 | K20: =IF($I20=K$1,1,0) -> 0 | L20: =IF($I20=L$1,1,0) -> 0 | M20: =IF($I20=M$1,1,0) -> 0 | N20: =IF($I20=N$1,1,0) -> 0 | O20: =IF($I20=O$1,1,0) -> 0 | P20: =IF($I20=P$1,1,0) -> 0 | Q20: =IF(OR(I20=O$1,I20=M$1),1,0) -> 0 | R20: =IF(OR(I20=N$1,I20=L$1),1,0) -> 0 | S20: 4 | T20: 0 | U20: 0 | V20: 0
A21: Bryce Harper | B21: PHI | C21: 155 | D21: 170 | E21: 0.29 | F21: 34 | G21: 27000000 | H21: =_xlfn.RANK.EQ(G21,$G$2:$G$141,0) -> 13 | I21: First Base | J21: =IF($I21=J$1,1,0) -> 0 | K21: =IF($I21=K$1,1,0) -> 0 | L21: =IF($I21=L$1,1,0) -> 1 | M21: =IF($I21=M$1,1,0) -> 0 | N21: =IF($I21=N$1,1,0) -> 0 | O21: =IF($I21=O$1,1,0) -> 0 | P21: =IF($I21=P$1,1,0) -> 0 | Q21: =IF(OR(I21=O$1,I21=M$1),1,0) -> 0 | R21: =IF(OR(I21=N$1,I21=L$1),1,0) -> 1 | S21: 6.2 | T21: 0 | U21: 1 | V21: 0
A22: Byron Buxton | B22: MIN | C22: 120 | D22: 118 | E22: 0.257 | F22: 22 | G22: 15000000 | H22: =_xlfn.RANK.EQ(G22,$G$2:$G$141,0) -> 41 | I22: Outfield | J22: =IF($I22=J$1,1,0) -> 1 | K22: =IF($I22=K$1,1,0) -> 0 | L22: =IF($I22=L$1,1,0) -> 0 | M22: =IF($I22=M$1,1,0) -> 0 | N22: =IF($I22=N$1,1,0) -> 0 | O22: =IF($I22=O$1,1,0) -> 0 | P22: =IF($I22=P$1,1,0) -> 0 | Q22: =IF(OR(I22=O$1,I22=M$1),1,0) -> 0 | R22: =IF(OR(I22=N$1,I22=L$1),1,0) -> 0 | S22: 2 | T22: 0 | U22: 1 | V22: 0
A23: Cal Raleigh | B23: SEA | C23: 150 | D23: 120 | E23: 0.247 | F23: 60 | G23: 17500000 | H23: =_xlfn.RANK.EQ(G23,$G$2:$G$141,0) -> 35 | I23: Catcher | J23: =IF($I23=J$1,1,0) -> 0 | K23: =IF($I23=K$1,1,0) -> 1 | L23: =IF($I23=L$1,1,0) -> 0 | M23: =IF($I23=M$1,1,0) -> 0 | N23: =IF($I23=N$1,1,0) -> 0 | O23: =IF($I23=O$1,1,0) -> 0 | P23: =IF($I23=P$1,1,0) -> 0 | Q23: =IF(OR(I23=O$1,I23=M$1),1,0) -> 0 | R23: =IF(OR(I23=N$1,I23=L$1),1,0) -> 0 | S23: 5.1 | T23: 0 | U23: 0 | V23: 0
A24: Carlos Correa | B24: MIN | C24: 150 | D24: 160 | E24: 0.268 | F24: 23 | G24: 33300000 | H24: =_xlfn.RANK.EQ(G24,$G$2:$G$141,0) -> 5 | I24: Shortstop | J24: =IF($I24=J$1,1,0) -> 0 | K24: =IF($I24=K$1,1,0) -> 0 | L24: =IF($I24=L$1,1,0) -> 0 | M24: =IF($I24=M$1,1,0) -> 0 | N24: =IF($I24=N$1,1,0) -> 0 | O24: =IF($I24=O$1,1,0) -> 1 | P24: =IF($I24=P$1,1,0) -> 0 | Q24: =IF(OR(I24=O$1,I24=M$1),1,0) -> 1 | R24: =IF(OR(I24=N$1,I24=L$1),1,0) -> 0 | S24: 4.2 | T24: 0 | U24: 1 | V24: 0
A25: Carlos Santana | B25: MIN | C25: 124 | D25: 110 | E25: 0.239 | F25: 19 | G25: 6000000 | H25: =_xlfn.RANK.EQ(G25,$G$2:$G$141,0) -> 79 | I25: First Base | J25: =IF($I25=J$1,1,0) -> 0 | K25: =IF($I25=K$1,1,0) -> 0 | L25: =IF($I25=L$1,1,0) -> 1 | M25: =IF($I25=M$1,1,0) -> 0 | N25: =IF($I25=N$1,1,0) -> 0 | O25: =IF($I25=O$1,1,0) -> 0 | P25: =IF($I25=P$1,1,0) -> 0 | Q25: =IF(OR(I25=O$1,I25=M$1),1,0) -> 0 | R25: =IF(OR(I25=N$1,I25=L$1),1,0) -> 1 | S25: 1.1 | T25: 0 | U25: 0 | V25: 0
A26: Cedric Mullins | B26: BAL | C26: 146 | D26: 145 | E26: 0.265 | F26: 18 | G26: 4500000 | H26: =_xlfn.RANK.EQ(G26,$G$2:$G$141,0) -> 91 | I26: Outfield | J26: =IF($I26=J$1,1,0) -> 1 | K26: =IF($I26=K$1,1,0) -> 0 | L26: =IF($I26=L$1,1,0) -> 0 | M26: =IF($I26=M$1,1,0) -> 0 | N26: =IF($I26=N$1,1,0) -> 0 | O26: =IF($I26=O$1,1,0) -> 0 | P26: =IF($I26=P$1,1,0) -> 0 | Q26: =IF(OR(I26=O$1,I26=M$1),1,0) -> 0 | R26: =IF(OR(I26=N$1,I26=L$1),1,0) -> 0 | S26: 3.1 | T26: 0 | U26: 0 | V26: 0
... A141: Yordan Alvarez | B141: HOU | C141: 148 | D141: 165 | E141: 0.289 | F141: 39 | G141: 19500000 | H141: =_xlfn.RANK.EQ(G141,$G$2:$G$141,0) -> 31 | I141: Outfield | J141: =IF($I141=J$1,1,0) -> 1 | K141: =IF($I141=K$1,1,0) -> 0 | L141: =IF($I141=L$1,1,0) -> 0 | M141: =IF($I141=M$1,1,0) -> 0 | N141: =IF($I141=N$1,1,0) -> 0 | O141: =IF($I141=O$1,1,0) -> 0 | P141: =IF($I141=P$1,1,0) -> 0 | Q141: =IF(OR(I141=O$1,I141=M$1),1,0) -> 0 | R141: =IF(OR(I141=N$1,I141=L$1),1,0) -> 0 | S141: 5.1 | T141: 0 | U141: 0 | V141: 0
H144: =COUNTIFS(H2:H141,">=1",H2:H141,"<=15") -> 16
H146: =COUNTIF(H2:H141,10) -> 2

Sheet Player data_latest GRG
A1: Name | B1: Team | C1: Games | D1: Hits | E1: Batting Average | F1: Home Runs | G1: Salary (USD) | H1: salary rank | I1: Position | J1: Outfield | K1: Catcher | L1: First Base | M1: Second Base | N1: Third Base | O1: Shortstop | P1: Designated Hitter | Q1: Middle Infielder | R1: Corner Infielder | S1: WAR | T1: Canadian | U1: 1st round | V1: Selection
A2: Aaron Judge | B2: NYY | C2: 152 | D2: 137 | E2: 0.331 | F2: 53 | G2: 40000000 | H2: =_xlfn.RANK.EQ(G2,$G$2:$G$141,0) -> 2 | I2: Outfield | J2: =IF($I2=J$1,1,0) -> 1 | K2: =IF($I2=K$1,1,0) -> 0 | L2: =IF($I2=L$1,1,0) -> 0 | M2: =IF($I2=M$1,1,0) -> 0 | N2: =IF($I2=N$1,1,0) -> 0 | O2: =IF($I2=O$1,1,0) -> 0 | P2: =IF($I2=P$1,1,0) -> 0 | Q2: =IF(OR(I2=O$1,I2=M$1),1,0) -> 0 | R2: =IF(OR(I2=N$1,I2=L$1),1,0) -> 0 | S2: 9.2 | T2: 0 | U2: 1 | V2: 1 | AA2: Outfield | AB2: Catcher | AC2: First Base | AD2: Second Base | AE2: Third Base | AF2: Shortstop | AG2: Designated Hitter | AH2: Middle Infielder | AI2: Corner Infielder
A3: Adley Rutschman | B3: BAL | C3: 148 | D3: 135 | E3: 0.27 | F3: 22 | G3: 760000 | H3: =_xlfn.RANK.EQ(G3,$G$2:$G$141,0) -> 98 | I3: Catcher | J3: =IF($I3=J$1,1,0) -> 0 | K3: =IF($I3=K$1,1,0) -> 1 | L3: =IF($I3=L$1,1,0) -> 0 | M3: =IF($I3=M$1,1,0) -> 0 | N3: =IF($I3=N$1,1,0) -> 0 | O3: =IF($I3=O$1,1,0) -> 0 | P3: =IF($I3=P$1,1,0) -> 0 | Q3: =IF(OR(I3=O$1,I3=M$1),1,0) -> 0 | R3: =IF(OR(I3=N$1,I3=L$1),1,0) -> 0 | S3: 6 | T3: 0 | U3: 1 | V3: 1 | X3: # of players: | Y3: =SUM(V2:V141) -> 15 | AA3: =SUMPRODUCT($V$2:$V$141,J2:J141) -> 6 | AB3: =SUMPRODUCT($V$2:$V$141,K2:K141) -> 3 | AC3: =SUMPRODUCT($V$2:$V$141,L2:L141) -> 2 | AD3: =SUMPRODUCT($V$2:$V$141,M2:M141) -> 1 | AE3: =SUMPRODUCT($V$2:$V$141,N2:N141) -> 1 | AF3: =SUMPRODUCT($V$2:$V$141,O2:O141) -> 2 | AG3: =SUMPRODUCT($V$2:$V$141,P2:P141) -> 0 | AH3: =SUMPRODUCT($V$2:$V$141,Q2:Q141) -> 3 | AI3: =SUMPRODUCT($V$2:$V$141,R2:R141) -> 3
A4: Adolis García | B4: TEX | C4: 152 | D4: 150 | E4: 0.273 | F4: 36 | G4: 6000000 | H4: =_xlfn.RANK.EQ(G4,$G$2:$G$141,0) -> 79 | I4: Outfield | J4: =IF($I4=J$1,1,0) -> 1 | K4: =IF($I4=K$1,1,0) -> 0 | L4: =IF($I4=L$1,1,0) -> 0 | M4: =IF($I4=M$1,1,0) -> 0 | N4: =IF($I4=N$1,1,0) -> 0 | O4: =IF($I4=O$1,1,0) -> 0 | P4: =IF($I4=P$1,1,0) -> 0 | Q4: =IF(OR(I4=O$1,I4=M$1),1,0) -> 0 | R4: =IF(OR(I4=N$1,I4=L$1),1,0) -> 0 | S4: 4.7 | T4: 0 | U4: 0 | V4: 0 | X4: # of canadians: | Y4: =SUMPRODUCT(V2:V141,T2:T141) -> 3
A5: Alejandro Kirk | B5: TOR | C5: 132 | D5: 127 | E5: 0.282 | F5: 15 | G5: 760000 | H5: =_xlfn.RANK.EQ(G5,$G$2:$G$141,0) -> 98 | I5: Catcher | J5: =IF($I5=J$1,1,0) -> 0 | K5: =IF($I5=K$1,1,0) -> 1 | L5: =IF($I5=L$1,1,0) -> 0 | M5: =IF($I5=M$1,1,0) -> 0 | N5: =IF($I5=N$1,1,0) -> 0 | O5: =IF($I5=O$1,1,0) -> 0 | P5: =IF($I5=P$1,1,0) -> 0 | Q5: =IF(OR(I5=O$1,I5=M$1),1,0) -> 0 | R5: =IF(OR(I5=N$1,I5=L$1),1,0) -> 0 | S5: 2.4 | T5: 0 | U5: 0 | V5: 0
A6: Alex Kirilloff | B6: MIN | C6: 135 | D6: 128 | E6: 0.259 | F6: 16 | G6: 760000 | H6: =_xlfn.RANK.EQ(G6,$G$2:$G$141,0) -> 98 | I6: Outfield | J6: =IF($I6=J$1,1,0) -> 1 | K6: =IF($I6=K$1,1,0) -> 0 | L6: =IF($I6=L$1,1,0) -> 0 | M6: =IF($I6=M$1,1,0) -> 0 | N6: =IF($I6=N$1,1,0) -> 0 | O6: =IF($I6=O$1,1,0) -> 0 | P6: =IF($I6=P$1,1,0) -> 0 | Q6: =IF(OR(I6=O$1,I6=M$1),1,0) -> 0 | R6: =IF(OR(I6=N$1,I6=L$1),1,0) -> 0 | S6: 1.9 | T6: 0 | U6: 0 | V6: 0
A7: Alex Verdugo | B7: NYY | C7: 145 | D7: 148 | E7: 0.273 | F7: 17 | G7: 9000000 | H7: =_xlfn.RANK.EQ(G7,$G$2:$G$141,0) -> 67 | I7: Outfield | J7: =IF($I7=J$1,1,0) -> 1 | K7: =IF($I7=K$1,1,0) -> 0 | L7: =IF($I7=L$1,1,0) -> 0 | M7: =IF($I7=M$1,1,0) -> 0 | N7: =IF($I7=N$1,1,0) -> 0 | O7: =IF($I7=O$1,1,0) -> 0 | P7: =IF($I7=P$1,1,0) -> 0 | Q7: =IF(OR(I7=O$1,I7=M$1),1,0) -> 0 | R7: =IF(OR(I7=N$1,I7=L$1),1,0) -> 0 | S7: 2.6 | T7: 0 | U7: 0 | V7: 0 | X7: Total salary: | Y7: =SUMPRODUCT(V2:V141,G2:G141) -> 205890000
A8: Andrés Giménez | B8: CLE | C8: 150 | D8: 158 | E8: 0.268 | F8: 15 | G8: 11500000 | H8: =_xlfn.RANK.EQ(G8,$G$2:$G$141,0) -> 56 | I8: Second Base | J8: =IF($I8=J$1,1,0) -> 0 | K8: =IF($I8=K$1,1,0) -> 0 | L8: =IF($I8=L$1,1,0) -> 0 | M8: =IF($I8=M$1,1,0) -> 1 | N8: =IF($I8=N$1,1,0) -> 0 | O8: =IF($I8=O$1,1,0) -> 0 | P8: =IF($I8=P$1,1,0) -> 0 | Q8: =IF(OR(I8=O$1,I8=M$1),1,0) -> 1 | R8: =IF(OR(I8=N$1,I8=L$1),1,0) -> 0 | S8: 3.9 | T8: 0 | U8: 0 | V8: 0 | X8: Total WAR: | Y8: =SUMPRODUCT(V2:V141,S2:S141) -> 85
A9: Andrew Benintendi | B9: CHW | C9: 142 | D9: 144 | E9: 0.27 | F9: 14 | G9: 16000000 | H9: =_xlfn.RANK.EQ(G9,$G$2:$G$141,0) -> 39 | I9: Outfield | J9: =IF($I9=J$1,1,0) -> 1 | K9: =IF($I9=K$1,1,0) -> 0 | L9: =IF($I9=L$1,1,0) -> 0 | M9: =IF($I9=M$1,1,0) -> 0 | N9: =IF($I9=N$1,1,0) -> 0 | O9: =IF($I9=O$1,1,0) -> 0 | P9: =IF($I9=P$1,1,0) -> 0 | Q9: =IF(OR(I9=O$1,I9=M$1),1,0) -> 0 | R9: =IF(OR(I9=N$1,I9=L$1),1,0) -> 0 | S9: 2.2 | T9: 0 | U9: 0 | V9: 0
A10: Andrew Vaughn | B10: CWS | C10: 148 | D10: 140 | E10: 0.258 | F10: 24 | G10: 760000 | H10: =_xlfn.RANK.EQ(G10,$G$2:$G$141,0) -> 98 | I10: First Base | J10: =IF($I10=J$1,1,0) -> 0 | K10: =IF($I10=K$1,1,0) -> 0 | L10: =IF($I10=L$1,1,0) -> 1 | M10: =IF($I10=M$1,1,0) -> 0 | N10: =IF($I10=N$1,1,0) -> 0 | O10: =IF($I10=O$1,1,0) -> 0 | P10: =IF($I10=P$1,1,0) -> 0 | Q10: =IF(OR(I10=O$1,I10=M$1),1,0) -> 0 | R10: =IF(OR(I10=N$1,I10=L$1),1,0) -> 1 | S10: 2.4 | T10: 0 | U10: 1 | V10: 0
A11: Anthony Rizzo | B11: NYY | C11: 128 | D11: 118 | E11: 0.251 | F11: 21 | G11: 20000000 | H11: =_xlfn.RANK.EQ(G11,$G$2:$G$141,0) -> 26 | I11: First Base | J11: =IF($I11=J$1,1,0) -> 0 | K11: =IF($I11=K$1,1,0) -> 0 | L11: =IF($I11=L$1,1,0) -> 1 | M11: =IF($I11=M$1,1,0) -> 0 | N11: =IF($I11=N$1,1,0) -> 0 | O11: =IF($I11=O$1,1,0) -> 0 | P11: =IF($I11=P$1,1,0) -> 0 | Q11: =IF(OR(I11=O$1,I11=M$1),1,0) -> 0 | R11: =IF(OR(I11=N$1,I11=L$1),1,0) -> 1 | S11: 1.5 | T11: 0 | U11: 0 | V11: 0 | X11: BA of 0.3 or above: | Y11: =COUNTIFS(V2:V141,1,E2:E141,">=0.3") -> 6
A12: Anthony Santander | B12: BAL | C12: 150 | D12: 160 | E12: 0.272 | F12: 31 | G12: 4800000 | H12: =_xlfn.RANK.EQ(G12,$G$2:$G$141,0) -> 87 | I12: Designated Hitter | J12: =IF($I12=J$1,1,0) -> 0 | K12: =IF($I12=K$1,1,0) -> 0 | L12: =IF($I12=L$1,1,0) -> 0 | M12: =IF($I12=M$1,1,0) -> 0 | N12: =IF($I12=N$1,1,0) -> 0 | O12: =IF($I12=O$1,1,0) -> 0 | P12: =IF($I12=P$1,1,0) -> 1 | Q12: =IF(OR(I12=O$1,I12=M$1),1,0) -> 0 | R12: =IF(OR(I12=N$1,I12=L$1),1,0) -> 0 | S12: 3.4 | T12: 0 | U12: 0 | V12: 0
A13: Anthony Volpe | B13: NYY | C13: 155 | D13: 153 | E13: 0.262 | F13: 18 | G13: 760000 | H13: =_xlfn.RANK.EQ(G13,$G$2:$G$141,0) -> 98 | I13: Shortstop | J13: =IF($I13=J$1,1,0) -> 0 | K13: =IF($I13=K$1,1,0) -> 0 | L13: =IF($I13=L$1,1,0) -> 0 | M13: =IF($I13=M$1,1,0) -> 0 | N13: =IF($I13=N$1,1,0) -> 0 | O13: =IF($I13=O$1,1,0) -> 1 | P13: =IF($I13=P$1,1,0) -> 0 | Q13: =IF(OR(I13=O$1,I13=M$1),1,0) -> 1 | R13: =IF(OR(I13=N$1,I13=L$1),1,0) -> 0 | S13: 3.7 | T13: 0 | U13: 1 | V13: 0
A14: Bo Naylor | B14: CLE | C14: 136 | D14: 98 | E14: 0.195 | F14: 14 | G14: 760000 | H14: =_xlfn.RANK.EQ(G14,$G$2:$G$141,0) -> 98 | I14: Catcher | J14: =IF($I14=J$1,1,0) -> 0 | K14: =IF($I14=K$1,1,0) -> 1 | L14: =IF($I14=L$1,1,0) -> 0 | M14: =IF($I14=M$1,1,0) -> 0 | N14: =IF($I14=N$1,1,0) -> 0 | O14: =IF($I14=O$1,1,0) -> 0 | P14: =IF($I14=P$1,1,0) -> 0 | Q14: =IF(OR(I14=O$1,I14=M$1),1,0) -> 0 | R14: =IF(OR(I14=N$1,I14=L$1),1,0) -> 0 | S14: 1.5 | T14: 1 | U14: 0 | V14: 0 | X14: count of 15 highest paid players: | Y14: =COUNTIFS(H2:H141,"<=15",V2:V141,"=1") -> 3
A15: Bobby Witt Jr. | B15: KCR | C15: 159 | D15: 186 | E15: 0.308 | F15: 31 | G15: 760000 | H15: =_xlfn.RANK.EQ(G15,$G$2:$G$141,0) -> 98 | I15: Shortstop | J15: =IF($I15=J$1,1,0) -> 0 | K15: =IF($I15=K$1,1,0) -> 0 | L15: =IF($I15=L$1,1,0) -> 0 | M15: =IF($I15=M$1,1,0) -> 0 | N15: =IF($I15=N$1,1,0) -> 0 | O15: =IF($I15=O$1,1,0) -> 1 | P15: =IF($I15=P$1,1,0) -> 0 | Q15: =IF(OR(I15=O$1,I15=M$1),1,0) -> 1 | R15: =IF(OR(I15=N$1,I15=L$1),1,0) -> 0 | S15: 7 | T15: 0 | U15: 1 | V15: 1
A16: Brandon Lowe | B16: TBR | C16: 128 | D16: 112 | E16: 0.249 | F16: 24 | G16: 8700000 | H16: =_xlfn.RANK.EQ(G16,$G$2:$G$141,0) -> 70 | I16: Second Base | J16: =IF($I16=J$1,1,0) -> 0 | K16: =IF($I16=K$1,1,0) -> 0 | L16: =IF($I16=L$1,1,0) -> 0 | M16: =IF($I16=M$1,1,0) -> 1 | N16: =IF($I16=N$1,1,0) -> 0 | O16: =IF($I16=O$1,1,0) -> 0 | P16: =IF($I16=P$1,1,0) -> 0 | Q16: =IF(OR(I16=O$1,I16=M$1),1,0) -> 1 | R16: =IF(OR(I16=N$1,I16=L$1),1,0) -> 0 | S16: 2.5 | T16: 0 | U16: 0 | V16: 0
A17: Brendan Donovan | B17: STL | C17: 140 | D17: 137 | E17: 0.262 | F17: 12 | G17: 760000 | H17: =_xlfn.RANK.EQ(G17,$G$2:$G$141,0) -> 98 | I17: Second Base | J17: =IF($I17=J$1,1,0) -> 0 | K17: =IF($I17=K$1,1,0) -> 0 | L17: =IF($I17=L$1,1,0) -> 0 | M17: =IF($I17=M$1,1,0) -> 1 | N17: =IF($I17=N$1,1,0) -> 0 | O17: =IF($I17=O$1,1,0) -> 0 | P17: =IF($I17=P$1,1,0) -> 0 | Q17: =IF(OR(I17=O$1,I17=M$1),1,0) -> 1 | R17: =IF(OR(I17=N$1,I17=L$1),1,0) -> 0 | S17: 2.3 | T17: 0 | U17: 0 | V17: 0
A18: Brent Rooker | B18: OAK | C18: 144 | D18: 140 | E18: 0.263 | F18: 29 | G18: 760000 | H18: =_xlfn.RANK.EQ(G18,$G$2:$G$141,0) -> 98 | I18: Designated Hitter | J18: =IF($I18=J$1,1,0) -> 0 | K18: =IF($I18=K$1,1,0) -> 0 | L18: =IF($I18=L$1,1,0) -> 0 | M18: =IF($I18=M$1,1,0) -> 0 | N18: =IF($I18=N$1,1,0) -> 0 | O18: =IF($I18=O$1,1,0) -> 0 | P18: =IF($I18=P$1,1,0) -> 1 | Q18: =IF(OR(I18=O$1,I18=M$1),1,0) -> 0 | R18: =IF(OR(I18=N$1,I18=L$1),1,0) -> 0 | S18: 2.1 | T18: 0 | U18: 0 | V18: 0
A19: Brenton Doyle | B19: COL | C19: 145 | D19: 141 | E19: 0.259 | F19: 18 | G19: 760000 | H19: =_xlfn.RANK.EQ(G19,$G$2:$G$141,0) -> 98 | I19: Outfield | J19: =IF($I19=J$1,1,0) -> 1 | K19: =IF($I19=K$1,1,0) -> 0 | L19: =IF($I19=L$1,1,0) -> 0 | M19: =IF($I19=M$1,1,0) -> 0 | N19: =IF($I19=N$1,1,0) -> 0 | O19: =IF($I19=O$1,1,0) -> 0 | P19: =IF($I19=P$1,1,0) -> 0 | Q19: =IF(OR(I19=O$1,I19=M$1),1,0) -> 0 | R19: =IF(OR(I19=N$1,I19=L$1),1,0) -> 0 | S19: 2.4 | T19: 0 | U19: 0 | V19: 0
A20: Bryan Reynolds | B20: PIT | C20: 154 | D20: 165 | E20: 0.277 | F20: 25 | G20: 13000000 | H20: =_xlfn.RANK.EQ(G20,$G$2:$G$141,0) -> 45 | I20: Outfield | J20: =IF($I20=J$1,1,0) -> 1 | K20: =IF($I20=K$1,1,0) -> 0 | L20: =IF($I20=L$1,1,0) -> 0 | M20: =IF($I20=M$1,1,0) -> 0 | N20: =IF($I20=N$1,1,0) -> 0 | O20: =IF($I20=O$1,1,0) -> 0 | P20: =IF($I20=P$1,1,0) -> 0 | Q20: =IF(OR(I20=O$1,I20=M$1),1,0) -> 0 | R20: =IF(OR(I20=N$1,I20=L$1),1,0) -> 0 | S20: 4 | T20: 0 | U20: 0 | V20: 0
A21: Bryce Harper | B21: PHI | C21: 155 | D21: 170 | E21: 0.29 | F21: 34 | G21: 27000000 | H21: =_xlfn.RANK.EQ(G21,$G$2:$G$141,0) -> 13 | I21: First Base | J21: =IF($I21=J$1,1,0) -> 0 | K21: =IF($I21=K$1,1,0) -> 0 | L21: =IF($I21=L$1,1,0) -> 1 | M21: =IF($I21=M$1,1,0) -> 0 | N21: =IF($I21=N$1,1,0) -> 0 | O21: =IF($I21=O$1,1,0) -> 0 | P21: =IF($I21=P$1,1,0) -> 0 | Q21: =IF(OR(I21=O$1,I21=M$1),1,0) -> 0 | R21: =IF(OR(I21=N$1,I21=L$1),1,0) -> 1 | S21: 6.2 | T21: 0 | U21: 1 | V21: 0
A22: Byron Buxton | B22: MIN | C22: 120 | D22: 118 | E22: 0.257 | F22: 22 | G22: 15000000 | H22: =_xlfn.RANK.EQ(G22,$G$2:$G$141,0) -> 41 | I22: Outfield | J22: =IF($I22=J$1,1,0) -> 1 | K22: =IF($I22=K$1,1,0) -> 0 | L22: =IF($I22=L$1,1,0) -> 0 | M22: =IF($I22=M$1,1,0) -> 0 | N22: =IF($I22=N$1,1,0) -> 0 | O22: =IF($I22=O$1,1,0) -> 0 | P22: =IF($I22=P$1,1,0) -> 0 | Q22: =IF(OR(I22=O$1,I22=M$1),1,0) -> 0 | R22: =IF(OR(I22=N$1,I22=L$1),1,0) -> 0 | S22: 2 | T22: 0 | U22: 1 | V22: 0
A23: Cal Raleigh | B23: SEA | C23: 150 | D23: 120 | E23: 0.247 | F23: 60 | G23: 17500000 | H23: =_xlfn.RANK.EQ(G23,$G$2:$G$141,0) -> 35 | I23: Catcher | J23: =IF($I23=J$1,1,0) -> 0 | K23: =IF($I23=K$1,1,0) -> 1 | L23: =IF($I23=L$1,1,0) -> 0 | M23: =IF($I23=M$1,1,0) -> 0 | N23: =IF($I23=N$1,1,0) -> 0 | O23: =IF($I23=O$1,1,0) -> 0 | P23: =IF($I23=P$1,1,0) -> 0 | Q23: =IF(OR(I23=O$1,I23=M$1),1,0) -> 0 | R23: =IF(OR(I23=N$1,I23=L$1),1,0) -> 0 | S23: 5.1 | T23: 0 | U23: 0 | V23: 1
A24: Carlos Correa | B24: MIN | C24: 150 | D24: 160 | E24: 0.268 | F24: 23 | G24: 33300000 | H24: =_xlfn.RANK.EQ(G24,$G$2:$G$141,0) -> 5 | I24: Shortstop | J24: =IF($I24=J$1,1,0) -> 0 | K24: =IF($I24=K$1,1,0) -> 0 | L24: =IF($I24=L$1,1,0) -> 0 | M24: =IF($I24=M$1,1,0) -> 0 | N24: =IF($I24=N$1,1,0) -> 0 | O24: =IF($I24=O$1,1,0) -> 1 | P24: =IF($I24=P$1,1,0) -> 0 | Q24: =IF(OR(I24=O$1,I24=M$1),1,0) -> 1 | R24: =IF(OR(I24=N$1,I24=L$1),1,0) -> 0 | S24: 4.2 | T24: 0 | U24: 1 | V24: 0
A25: Carlos Santana | B25: MIN | C25: 124 | D25: 110 | E25: 0.239 | F25: 19 | G25: 6000000 | H25: =_xlfn.RANK.EQ(G25,$G$2:$G$141,0) -> 79 | I25: First Base | J25: =IF($I25=J$1,1,0) -> 0 | K25: =IF($I25=K$1,1,0) -> 0 | L25: =IF($I25=L$1,1,0) -> 1 | M25: =IF($I25=M$1,1,0) -> 0 | N25: =IF($I25=N$1,1,0) -> 0 | O25: =IF($I25=O$1,1,0) -> 0 | P25: =IF($I25=P$1,1,0) -> 0 | Q25: =IF(OR(I25=O$1,I25=M$1),1,0) -> 0 | R25: =IF(OR(I25=N$1,I25=L$1),1,0) -> 1 | S25: 1.1 | T25: 0 | U25: 0 | V25: 0
A26: Cedric Mullins | B26: BAL | C26: 146 | D26: 145 | E26: 0.265 | F26: 18 | G26: 4500000 | H26: =_xlfn.RANK.EQ(G26,$G$2:$G$141,0) -> 91 | I26: Outfield | J26: =IF($I26=J$1,1,0) -> 1 | K26: =IF($I26=K$1,1,0) -> 0 | L26: =IF($I26=L$1,1,0) -> 0 | M26: =IF($I26=M$1,1,0) -> 0 | N26: =IF($I26=N$1,1,0) -> 0 | O26: =IF($I26=O$1,1,0) -> 0 | P26: =IF($I26=P$1,1,0) -> 0 | Q26: =IF(OR(I26=O$1,I26=M$1),1,0) -> 0 | R26: =IF(OR(I26=N$1,I26=L$1),1,0) -> 0 | S26: 3.1 | T26: 0 | U26: 0 | V26: 0
... A141: Yordan Alvarez | B141: HOU | C141: 148 | D141: 165 | E141: 0.289 | F141: 39 | G141: 19500000 | H141: =_xlfn.RANK.EQ(G141,$G$2:$G$141,0) -> 31 | I141: Outfield | J141: =IF($I141=J$1,1,0) -> 1 | K141: =IF($I141=K$1,1,0) -> 0 | L141: =IF($I141=L$1,1,0) -> 0 | M141: =IF($I141=M$1,1,0) -> 0 | N141: =IF($I141=N$1,1,0) -> 0 | O141: =IF($I141=O$1,1,0) -> 0 | P141: =IF($I141=P$1,1,0) -> 0 | Q141: =IF(OR(I141=O$1,I141=M$1),1,0) -> 0 | R141: =IF(OR(I141=N$1,I141=L$1),1,0) -> 0 | S141: 5.1 | T141: 0 | U141: 0 | V141: 0
H144: =COUNTIFS(H2:H141,">=1",H2:H141,"<=15") -> 16
H146: =COUNTIF(H2:H141,10) -> 2

Sheet Team Summary - GRG
A1: Player count | B1: Name | C1: Batting Average | D1: Salary | E1: Position | F1: Salary Rank
A2: 1 | B2: {=_xlfn._xlws.FILTER(CHOOSE({1,2,3,4,5},'Player data_latest GRG'!A2:A141,'Player data_latest GRG'!E2:E141,'Player data_latest GRG'!G2:G141,'Player data_latest GRG'!I2:I141,'Player data_latest GRG'!H2:H141),'Player data_latest GRG'!V2:V141, "")} -> Aaron Judge | C2: 0.331 | D2: 40000000 | E2: Outfield | F2: 2 | H2: GRG non-linear model
A3: 2 | B3: Adley Rutschman | C3: 0.27 | D3: 760000 | E3: Catcher | F3: 98
A4: 3 | B4: Bobby Witt Jr. | C4: 0.308 | D4: 760000 | E4: Shortstop | F4: 98
A5: 4 | B5: Cal Raleigh | C5: 0.247 | D5: 17500000 | E5: Catcher | F5: 35
A6: 5 | B6: Corbin Carroll | C6: 0.278 | D6: 11100000 | E6: Outfield | F6: 60
A7: 6 | B7: Edouard Julien | C7: 0.259 | D7: 760000 | E7: Third Base | F7: 98
A8: 7 | B8: Elias Díaz | C8: 0.284 | D8: 6000000 | E8: Catcher | F8: 79
A9: 8 | B9: Elly De La Cruz | C9: 0.269 | D9: 760000 | E9: Shortstop | F9: 98
A10: 9 | B10: Freddie Freeman | C10: 0.304 | D10: 27000000 | E10: First Base | F10: 13
A11: 10 | B11: Juan Soto | C11: 0.307 | D11: 31000000 | E11: Outfield | F11: 9
A12: 11 | B12: Julio Rodríguez | C12: 0.291 | D12: 12000000 | E12: Outfield | F12: 50
A13: 12 | B13: Kyle Tucker | C13: 0.286 | D13: 12000000 | E13: Outfield | F13: 50
A14: 13 | B14: Luis Arraez | C14: 0.329 | D14: 10000000 | E14: Second Base | F14: 64
... A16: 15 | B16: Vladimir Guerrero Jr. | C16: 0.281 | D16: 19250000 | E16: First Base | F16: 33
B18: Total Salary: | D18: ='Player data_latest GRG'!Y7 -> 205890000 | F18: # of Canadians: | G18: ='Player data_latest GRG'!Y4 -> 3
F21: Players with BA >= 0.3: | G21: ='Player data_latest GRG'!Y11 -> 6
B23: Total WAR: | D23: ='Player data_latest GRG'!Y8 -> 85
F24: # of top 15 salary rank: | G24: ='Player data_latest GRG'!Y14 -> 3

Sheet Team Summary - SAL<=2mil
A1: Player count | B1: Name | C1: Batting Average | D1: Salary | E1: Position | F1: Salary Rank
A2: 1 | B2: {=_xlfn._xlws.FILTER(CHOOSE({1,2,3,4,5},'Player data - best team < 2mil'!A2:A141,'Player data - best team < 2mil'!E2:E141,'Player data - best team < 2mil'!G2:G141,'Player data - best team < 2mil'!I2:I141,'Player data - best team < 2mil'!H2:H141),'Player data - best team < 2mil'!V2:V141, "")} -> Adley Rutschman | C2: 0.27 | D2: 760000 | E2: Catcher | F2: 98 | H2: Simplex model
A3: 2 | B3: Anthony Volpe | C3: 0.262 | D3: 760000 | E3: Shortstop | F3: 98
A4: 3 | B4: Bobby Witt Jr. | C4: 0.308 | D4: 760000 | E4: Shortstop | F4: 98
A5: 4 | B5: Brendan Donovan | C5: 0.262 | D5: 760000 | E5: Second Base | F5: 98
A6: 5 | B6: Brenton Doyle | C6: 0.259 | D6: 760000 | E6: Outfield | F6: 98
A7: 6 | B7: CJ Abrams | C7: 0.263 | D7: 760000 | E7: Shortstop | F7: 98
A8: 7 | B8: Edouard Julien | C8: 0.259 | D8: 760000 | E8: Third Base | F8: 98
A9: 8 | B9: Elly De La Cruz | C9: 0.269 | D9: 760000 | E9: Shortstop | F9: 98
A10: 9 | B10: Gabriel Moreno | C10: 0.285 | D10: 760000 | E10: Catcher | F10: 98
A11: 10 | B11: Jack Suwinski | C11: 0.251 | D11: 760000 | E11: Outfield | F11: 98
A12: 11 | B12: Jarred Kelenic | C12: 0.262 | D12: 760000 | E12: Outfield | F12: 98
A13: 12 | B13: Spencer Torkelson | C13: 0.246 | D13: 760000 | E13: First Base | F13: 98
A14: 13 | B14: Steven Kwan | C14: 0.304 | D14: 760000 | E14: Outfield | F14: 98
... A16: 15 | B16: William Contreras | C16: 0.288 | D16: 760000 | E16: Catcher | F16: 98
B18: Total Salary: | D18: ='Player data - best team < 2mil'!Y7 -> 11400000 | F18: # of Canadians: | G18: ='Player data - best team < 2mil'!Y4 -> 1
F21: Players with BA >= 0.3: | G21: ='Player data - best team < 2mil'!Y11 -> 2
B23: Total WAR: | D23: ='Player data - best team < 2mil'!Y8 -> 54.4
F24: # of top 15 salary rank: | G24: ='Player data - best team < 2mil'!Y14 -> 0

Sheet Team Summary - Simplex
A1: Player count | B1: Name | C1: Batting Average | D1: Salary | E1: Position | F1: Salary Rank
A2: 1 | B2: {=_xlfn._xlws.FILTER(CHOOSE({1,2,3,4},'Player data_latest Sim plex'!A2:A141,'Player data_latest Sim plex'!E2:E141,'Player data_latest Sim plex'!G2:G141,'Player data_latest Sim plex'!I2:I141),'Player data_latest Sim plex'!V2:V141, "")} -> Aaron Judge | C2: 0.331 | D2: 40000000 | E2: Outfield | F2: {=_xlfn._xlws.FILTER('Player data_latest Sim plex'!H2:H141,'Player data_latest Sim plex'!V2:V141=1, "")} -> 2 | H2: Simplex model
A3: 2 | B3: Adley Rutschman | C3: 0.27 | D3: 760000 | E3: Catcher | F3: 98
A4: 3 | B4: Bobby Witt Jr. | C4: 0.308 | D4: 760000 | E4: Shortstop | F4: 98
A5: 4 | B5: Corbin Carroll | C5: 0.278 | D5: 11100000 | E5: Outfield | F5: 60
A6: 5 | B6: Edouard Julien | C6: 0.259 | D6: 760000 | E6: Third Base | F6: 98
A7: 6 | B7: Elly De La Cruz | C7: 0.269 | D7: 760000 | E7: Shortstop | F7: 98
A8: 7 | B8: Freddie Freeman | C8: 0.304 | D8: 27000000 | E8: First Base | F8: 13
A9: 8 | B9: Juan Soto | C9: 0.307 | D9: 31000000 | E9: Outfield | F9: 9
A10: 9 | B10: Julio Rodríguez | C10: 0.291 | D10: 12000000 | E10: Outfield | F10: 50
A11: 10 | B11: Kyle Tucker | C11: 0.286 | D11: 12000000 | E11: Outfield | F11: 50
A12: 11 | B12: Luis Arraez | C12: 0.329 | D12: 10000000 | E12: Second Base | F12: 64
A13: 12 | B13: Mookie Betts | C13: 0.292 | D13: 30000000 | E13: Outfield | F13: 10
A14: 13 | B14: Ronald Acuña Jr. | C14: 0.324 | D14: 17000000 | E14: Outfield | F14: 36
... A16: 15 | B16: William Contreras | C16: 0.288 | D16: 760000 | E16: Catcher | F16: 98
B18: Total Salary: | D18: =SUM(D2:D16) -> 213150000 | F18: # of Canadians: | G18: ='Player data_latest Sim plex'!Y4 -> 3
F21: Players with BA >= 0.3: | G21: ='Player data_latest Sim plex'!Y11 -> 6
B23: Total WAR: | D23: ='Player data_latest Sim plex'!Y8 -> 89.8
F24: # of top 15 salary rank: | G24: ='Player data_latest Sim plex'!Y14 -> 4

Sheet Ranking salary by position
A1: Name | B1: Team | C1: Games | D1: Hits | E1: Batting Average | F1: Home Runs | G1: Salary (USD) | H1: salary rank | I1: Position | J1: WAR | K1: Canadian | L1: 1st round | N1: AVG salary by position | V1: Position | W1: Avg. Salary
A2: Aaron Judge | B2: NYY | C2: 152 | D2: 137 | E2: 0.331 | F2: 53 | G2: 40000000 | H2: =_xlfn.RANK.EQ(G2,$G$2:$G$141,0) -> 2 | I2: Outfield | J2: 9.2 | K2: 0 | L2: 1 | N2: Outfield | O2: Catcher | P2: First Base | Q2: Second Base | R2: Third Base | S2: Shortstop | T2: DH | V2: Designated Hitter | W2: 14805714
A3: Adley Rutschman | B3: BAL | C3: 148 | D3: 135 | E3: 0.27 | F3: 22 | G3: 760000 | H3: =_xlfn.RANK.EQ(G3,$G$2:$G$141,0) -> 98 | I3: Catcher | J3: 6 | K3: 0 | L3: 1 | N3: =AVERAGEIF($I$2:$I$141,I2,$G$2:$G$141) -> 12506222 | O3: =AVERAGEIF($I$2:$I$141,I23,$G$2:$G$141) -> 5459385.8 | P3: =AVERAGEIF($I$2:$I$141,I10,$G$2:$G$141) -> 11990000 | Q3: =AVERAGEIF($I$2:$I$141,I17,$G$2:$G$141) -> 9406562.5 | R3: =AVERAGEIF($I$2:$I$141,I39,$G$2:$G$141) -> 8734000 | S3: =AVERAGEIF($I$2:$I$141,I15,$G$2:$G$141) -> 12094762 | T3: =AVERAGEIF($I$2:$I$141,I12,$G$2:$G$141) -> 14805714 | V3: Outfield | W3: 12506222
A4: Adolis García | B4: TEX | C4: 152 | D4: 150 | E4: 0.273 | F4: 36 | G4: 6000000 | H4: =_xlfn.RANK.EQ(G4,$G$2:$G$141,0) -> 79 | I4: Outfield | J4: 4.7 | K4: 0 | L4: 0 | V4: Shortstop | W4: 12094762
A5: Alejandro Kirk | B5: TOR | C5: 132 | D5: 127 | E5: 0.282 | F5: 15 | G5: 760000 | H5: =_xlfn.RANK.EQ(G5,$G$2:$G$141,0) -> 98 | I5: Catcher | J5: 2.4 | K5: 0 | L5: 0 | V5: First Base | W5: 11990000
A6: Alex Kirilloff | B6: MIN | C6: 135 | D6: 128 | E6: 0.259 | F6: 16 | G6: 760000 | H6: =_xlfn.RANK.EQ(G6,$G$2:$G$141,0) -> 98 | I6: Outfield | J6: 1.9 | K6: 0 | L6: 0 | V6: Second Base | W6: 9406562.5
A7: Alex Verdugo | B7: NYY | C7: 145 | D7: 148 | E7: 0.273 | F7: 17 | G7: 9000000 | H7: =_xlfn.RANK.EQ(G7,$G$2:$G$141,0) -> 67 | I7: Outfield | J7: 2.6 | K7: 0 | L7: 0 | V7: Third Base | W7: 8734000
A8: Andrés Giménez | B8: CLE | C8: 150 | D8: 158 | E8: 0.268 | F8: 15 | G8: 11500000 | H8: =_xlfn.RANK.EQ(G8,$G$2:$G$141,0) -> 56 | I8: Second Base | J8: 3.9 | K8: 0 | L8: 0 | V8: Catcher | W8: 5459385.8
A9: Andrew Benintendi | B9: CHW | C9: 142 | D9: 144 | E9: 0.27 | F9: 14 | G9: 16000000 | H9: =_xlfn.RANK.EQ(G9,$G$2:$G$141,0) -> 39 | I9: Outfield | J9: 2.2 | K9: 0 | L9: 0
A10: Andrew Vaughn | B10: CWS | C10: 148 | D10: 140 | E10: 0.258 | F10: 24 | G10: 760000 | H10: =_xlfn.RANK.EQ(G10,$G$2:$G$141,0) -> 98 | I10: First Base | J10: 2.4 | K10: 0 | L10: 1
A11: Anthony Rizzo | B11: NYY | C11: 128 | D11: 118 | E11: 0.251 | F11: 21 | G11: 20000000 | H11: =_xlfn.RANK.EQ(G11,$G$2:$G$141,0) -> 26 | I11: First Base | J11: 1.5 | K11: 0 | L11: 0
A12: Anthony Santander | B12: BAL | C12: 150 | D12: 160 | E12: 0.272 | F12: 31 | G12: 4800000 | H12: =_xlfn.RANK.EQ(G12,$G$2:$G$141,0) -> 87 | I12: Designated Hitter | J12: 3.4 | K12: 0 | L12: 0
A13: Anthony Volpe | B13: NYY | C13: 155 | D13: 153 | E13: 0.262 | F13: 18 | G13: 760000 | H13: =_xlfn.RANK.EQ(G13,$G$2:$G$141,0) -> 98 | I13: Shortstop | J13: 3.7 | K13: 0 | L13: 1
A14: Bo Naylor | B14: CLE | C14: 136 | D14: 98 | E14: 0.195 | F14: 14 | G14: 760000 | H14: =_xlfn.RANK.EQ(G14,$G$2:$G$141,0) -> 98 | I14: Catcher | J14: 1.5 | K14: 1 | L14: 0
A15: Bobby Witt Jr. | B15: KCR | C15: 159 | D15: 186 | E15: 0.308 | F15: 31 | G15: 760000 | H15: =_xlfn.RANK.EQ(G15,$G$2:$G$141,0) -> 98 | I15: Shortstop | J15: 7 | K15: 0 | L15: 1
A16: Brandon Lowe | B16: TBR | C16: 128 | D16: 112 | E16: 0.249 | F16: 24 | G16: 8700000 | H16: =_xlfn.RANK.EQ(G16,$G$2:$G$141,0) -> 70 | I16: Second Base | J16: 2.5 | K16: 0 | L16: 0
A17: Brendan Donovan | B17: STL | C17: 140 | D17: 137 | E17: 0.262 | F17: 12 | G17: 760000 | H17: =_xlfn.RANK.EQ(G17,$G$2:$G$141,0) -> 98 | I17: Second Base | J17: 2.3 | K17: 0 | L17: 0
A18: Brent Rooker | B18: OAK | C18: 144 | D18: 140 | E18: 0.263 | F18: 29 | G18: 760000 | H18: =_xlfn.RANK.EQ(G18,$G$2:$G$141,0) -> 98 | I18: Designated Hitter | J18: 2.1 | K18: 0 | L18: 0
A19: Brenton Doyle | B19: COL | C19: 145 | D19: 141 | E19: 0.259 | F19: 18 | G19: 760000 | H19: =_xlfn.RANK.EQ(G19,$G$2:$G$141,0) -> 98 | I19: Outfield | J19: 2.4 | K19: 0 | L19: 0
A20: Bryan Reynolds | B20: PIT | C20: 154 | D20: 165 | E20: 0.277 | F20: 25 | G20: 13000000 | H20: =_xlfn.RANK.EQ(G20,$G$2:$G$141,0) -> 45 | I20: Outfield | J20: 4 | K20: 0 | L20: 0
... A141: Yordan Alvarez | B141: HOU | C141: 148 | D141: 165 | E141: 0.289 | F141: 39 | G141: 19500000 | H141: =_xlfn.RANK.EQ(G141,$G$2:$G$141,0) -> 31 | I141: Outfield | J141: 5.1 | K141: 0 | L141: 0
